genome	n_genes_called	n_genes_mapped	n_contigs	taxonomic_level	proportion_genes_retained_in_major_clades	genes_retained_index	clade_separation_score	contamination_portion	n_effective_surplus_clades	mean_hit_identity	reference_representation_score	pass.GUNC
1036735.3	1951	1908	34	kingdom	1.0	0.98	0.0	0.0	0.0	0.94	0.92	True
1074482.3	2106	2042	47	phylum	1.0	0.97	0.25	0.02	0.04	0.93	0.9	True
1150460.3	1990	1925	30	kingdom	1.0	0.97	0.0	0.0	0.0	0.93	0.9	True
1150461.4	2589	2549	51	kingdom	1.0	0.98	0.0	0.0	0.0	0.98	0.97	True
1168290.3	1577	1542	1	kingdom	1.0	0.98	0.0	0.0	0.0	0.98	0.96	True
1203540.3	2163	2113	6	kingdom	1.0	0.98	0.0	0.0	0.0	0.94	0.92	True
1207542.8	1972	1884	34	kingdom	1.0	0.96	0.0	0.0	0.0	0.94	0.9	True
1207542.9	2002	1910	1	kingdom	1.0	0.95	0.0	0.0	0.0	0.94	0.9	True
1207543.3	2217	2120	561	kingdom	1.0	0.96	0.0	0.0	0.0	0.96	0.91	True
1254439.12	1710	1631	1	kingdom	1.0	0.95	0.0	0.0	0.0	0.84	0.8	True
1261072.3	2105	2022	95	kingdom	1.0	0.96	0.0	0.0	0.0	0.93	0.89	True
1263057.3	1671	1614	122	kingdom	1.0	0.97	0.0	0.0	0.0	0.95	0.92	True
1263058.3	1832	1771	107	kingdom	1.0	0.97	0.0	0.0	0.0	0.95	0.92	True
1263059.3	1771	1737	116	kingdom	1.0	0.98	0.0	0.0	0.0	0.95	0.94	True
1263060.3	1717	1673	121	kingdom	1.0	0.97	0.0	0.0	0.0	0.97	0.95	True
1266716.3	2077	1995	135	kingdom	1.0	0.96	0.0	0.0	0.0	0.92	0.88	True
1322347.4	2028	1930	1	kingdom	1.0	0.95	0.0	0.0	0.0	0.92	0.87	True
1350471.3	1985	1904	24	kingdom	1.0	0.96	0.0	0.0	0.0	0.93	0.89	True
1350472.3	2000	1922	32	kingdom	1.0	0.96	0.0	0.0	0.0	0.93	0.89	True
1350473.3	2083	1993	17	kingdom	1.0	0.96	0.0	0.0	0.0	0.92	0.88	True
1351.2056	2851	2771	29	kingdom	1.0	0.97	0.0	0.0	0.0	0.95	0.92	True
1351.2057	2764	2669	28	kingdom	1.0	0.97	0.0	0.0	0.0	0.96	0.93	True
1351.2058	2851	2771	27	kingdom	1.0	0.97	0.0	0.0	0.0	0.95	0.92	True
1351.2059	2690	2600	25	kingdom	1.0	0.97	0.0	0.0	0.0	0.96	0.93	True
1351.2060	2770	2694	25	kingdom	1.0	0.97	0.0	0.0	0.0	0.96	0.93	True
1351.2061	2767	2692	9	kingdom	1.0	0.97	0.0	0.0	0.0	0.96	0.93	True
1351.2062	2768	2691	17	kingdom	1.0	0.97	0.0	0.0	0.0	0.96	0.93	True
1351.2063	2771	2694	13	kingdom	1.0	0.97	0.0	0.0	0.0	0.96	0.93	True
1351.2064	2773	2695	14	kingdom	1.0	0.97	0.0	0.0	0.0	0.96	0.93	True
1351.2065	2770	2691	14	kingdom	1.0	0.97	0.0	0.0	0.0	0.96	0.93	True
1351.2066	2775	2697	23	kingdom	1.0	0.97	0.0	0.0	0.0	0.96	0.93	True
1351.2067	2850	2772	30	kingdom	1.0	0.97	0.0	0.0	0.0	0.95	0.92	True
1351.2068	2774	2695	20	kingdom	1.0	0.97	0.0	0.0	0.0	0.96	0.93	True
1351.2069	2776	2695	21	kingdom	1.0	0.97	0.0	0.0	0.0	0.96	0.93	True
1365960.3	2117	2055	27	kingdom	1.0	0.97	0.0	0.0	0.0	0.94	0.91	True
1365961.3	1968	1910	22	kingdom	1.0	0.97	0.0	0.0	0.0	0.94	0.91	True
1365962.3	1883	1842	15	kingdom	1.0	0.98	0.0	0.0	0.0	0.95	0.93	True
1365963.3	2012	1965	23	kingdom	1.0	0.98	0.0	0.0	0.0	0.94	0.92	True
1365964.3	2197	2107	33	kingdom	1.0	0.96	0.0	0.0	0.0	0.93	0.9	True
1365965.3	2187	2073	25	kingdom	1.0	0.95	0.0	0.0	0.0	0.93	0.88	True
1365966.3	2024	1964	23	kingdom	1.0	0.97	0.0	0.0	0.0	0.94	0.91	True
1365967.3	2151	1975	14	kingdom	1.0	0.92	0.0	0.0	0.0	0.93	0.85	True
1365968.3	1852	1814	15	kingdom	1.0	0.98	0.0	0.0	0.0	0.95	0.93	True
1365969.3	2029	1959	37	kingdom	1.0	0.97	0.0	0.0	0.0	0.94	0.91	True
1385938.3	1875	1830	1	kingdom	1.0	0.98	0.0	0.0	0.0	0.95	0.92	True
1385939.3	1915	1866	1	kingdom	1.0	0.97	0.0	0.0	0.0	0.95	0.93	True
1385940.3	2033	1923	1	kingdom	1.0	0.95	0.0	0.0	0.0	0.92	0.87	True
1385941.3	1946	1899	1	kingdom	1.0	0.98	0.0	0.0	0.0	0.94	0.92	True
1385942.3	1949	1900	1	kingdom	1.0	0.97	0.0	0.0	0.0	0.94	0.92	True
1385943.3	1909	1861	6	kingdom	1.0	0.97	0.0	0.0	0.0	0.95	0.92	True
1385944.3	1933	1875	4	kingdom	1.0	0.97	0.0	0.0	0.0	0.95	0.92	True
1402194.3	1568	1510	8	kingdom	1.0	0.96	0.0	0.0	0.0	0.93	0.89	True
1447715.5	1686	1664	2	kingdom	1.0	0.99	0.0	0.0	0.0	0.97	0.96	True
1447716.4	1989	1952	1	kingdom	1.0	0.98	0.0	0.0	0.0	0.98	0.96	True
1457183.3	2273	2176	37	phylum	1.0	0.96	0.16	0.04	0.08	0.88	0.84	True
1457184.3	2039	1963	30	kingdom	1.0	0.96	0.0	0.0	0.0	0.92	0.89	True
1457185.3	1846	1800	28	kingdom	1.0	0.98	0.0	0.0	0.0	0.94	0.92	True
1457186.3	2137	2017	38	phylum	1.0	0.94	0.13	0.02	0.04	0.92	0.87	True
158787.3	2572	2540	34	kingdom	1.0	0.99	0.0	0.0	0.0	0.98	0.97	True
1679.10	2083	1925	1	kingdom	1.0	0.92	0.0	0.0	0.0	0.91	0.84	True
1679.100	1918	1865	57	kingdom	1.0	0.97	0.0	0.0	0.0	0.93	0.9	True
1679.101	2055	1992	94	kingdom	1.0	0.97	0.0	0.0	0.0	0.94	0.91	True
1679.102	2115	2008	54	kingdom	1.0	0.95	0.0	0.0	0.0	0.92	0.87	True
1679.103	2210	2049	38	kingdom	1.0	0.93	0.0	0.0	0.0	0.92	0.85	True
1679.104	1868	1824	88	kingdom	1.0	0.98	0.0	0.0	0.0	0.94	0.92	True
1679.105	1907	1844	56	kingdom	1.0	0.97	0.0	0.0	0.0	0.94	0.91	True
1679.106	2290	2085	46	kingdom	1.0	0.91	0.0	0.0	0.0	0.9	0.82	True
1679.107	2155	2052	54	kingdom	1.0	0.95	0.0	0.0	0.0	0.92	0.87	True
1679.108	2051	1910	14	kingdom	1.0	0.93	0.0	0.0	0.0	0.92	0.85	True
1679.109	2040	1947	63	kingdom	1.0	0.95	0.0	0.0	0.0	0.93	0.88	True
1679.110	1986	1892	48	kingdom	1.0	0.95	0.0	0.0	0.0	0.92	0.88	True
1679.111	2222	2032	36	kingdom	1.0	0.91	0.0	0.0	0.0	0.9	0.83	True
1679.112	1940	1868	41	kingdom	1.0	0.96	0.0	0.0	0.0	0.94	0.91	True
1679.113	1917	1851	48	kingdom	1.0	0.97	0.0	0.0	0.0	0.94	0.91	True
1679.114	1896	1839	47	kingdom	1.0	0.97	0.0	0.0	0.0	0.93	0.91	True
1679.115	1888	1827	43	kingdom	1.0	0.97	0.0	0.0	0.0	0.94	0.91	True
1679.116	2003	1887	54	kingdom	1.0	0.94	0.0	0.0	0.0	0.92	0.87	True
1679.117	1871	1815	56	kingdom	1.0	0.97	0.0	0.0	0.0	0.94	0.91	True
1679.118	2136	2034	56	kingdom	1.0	0.95	0.0	0.0	0.0	0.92	0.87	True
1679.119	2051	1971	75	kingdom	1.0	0.96	0.0	0.0	0.0	0.92	0.89	True
1679.120	2274	2107	49	kingdom	1.0	0.93	0.0	0.0	0.0	0.9	0.83	True
1679.121	2042	1960	51	kingdom	1.0	0.96	0.0	0.0	0.0	0.92	0.89	True
1679.122	1931	1861	41	kingdom	1.0	0.96	0.0	0.0	0.0	0.93	0.9	True
1679.123	1883	1839	49	kingdom	1.0	0.98	0.0	0.0	0.0	0.94	0.92	True
1679.124	2163	2000	48	kingdom	1.0	0.92	0.0	0.0	0.0	0.91	0.84	True
1679.125	1993	1924	55	kingdom	1.0	0.97	0.0	0.0	0.0	0.93	0.9	True
1679.126	2003	1924	58	kingdom	1.0	0.96	0.0	0.0	0.0	0.92	0.88	True
1679.127	2024	1901	55	kingdom	1.0	0.94	0.0	0.0	0.0	0.92	0.86	True
1679.128	1962	1850	52	kingdom	1.0	0.94	0.0	0.0	0.0	0.92	0.87	True
1679.129	1886	1828	37	kingdom	1.0	0.97	0.0	0.0	0.0	0.93	0.91	True
1679.13	1903	1846	29	kingdom	1.0	0.97	0.0	0.0	0.0	0.93	0.9	True
1679.130	1952	1889	59	kingdom	1.0	0.97	0.0	0.0	0.0	0.93	0.9	True
1679.131	2158	2007	71	kingdom	1.0	0.93	0.0	0.0	0.0	0.92	0.85	True
1679.132	1944	1857	57	kingdom	1.0	0.96	0.0	0.0	0.0	0.93	0.88	True
1679.133	1962	1896	78	kingdom	1.0	0.97	0.0	0.0	0.0	0.93	0.9	True
1679.134	2065	1978	51	kingdom	1.0	0.96	0.0	0.0	0.0	0.92	0.88	True
1679.135	2084	2004	63	kingdom	1.0	0.96	0.0	0.0	0.0	0.93	0.89	True
1679.136	1872	1816	33	kingdom	1.0	0.97	0.0	0.0	0.0	0.94	0.91	True
1679.137	2072	1985	70	kingdom	1.0	0.96	0.0	0.0	0.0	0.92	0.88	True
1679.138	1867	1820	68	kingdom	1.0	0.97	0.0	0.0	0.0	0.94	0.92	True
1679.139	2100	1997	58	kingdom	1.0	0.95	0.0	0.0	0.0	0.92	0.87	True
1679.14	2062	1997	69	kingdom	1.0	0.97	0.0	0.0	0.0	0.92	0.89	True
1679.140	2253	2053	61	kingdom	1.0	0.91	0.0	0.0	0.0	0.9	0.82	True
1679.141	2164	2067	49	kingdom	1.0	0.96	0.0	0.0	0.0	0.92	0.88	True
1679.142	1956	1896	51	kingdom	1.0	0.97	0.0	0.0	0.0	0.93	0.91	True
1679.143	2006	1912	46	kingdom	1.0	0.95	0.0	0.0	0.0	0.92	0.88	True
1679.144	2131	1983	51	kingdom	1.0	0.93	0.0	0.0	0.0	0.92	0.86	True
1679.145	1908	1845	20	kingdom	1.0	0.97	0.0	0.0	0.0	0.94	0.91	True
1679.146	1875	1833	68	kingdom	1.0	0.98	0.0	0.0	0.0	0.94	0.92	True
1679.147	2036	1976	60	kingdom	1.0	0.97	0.0	0.0	0.0	0.94	0.91	True
1679.148	2018	1944	40	kingdom	1.0	0.96	0.0	0.0	0.0	0.92	0.89	True
1679.149	2009	1927	54	kingdom	1.0	0.96	0.0	0.0	0.0	0.93	0.89	True
1679.150	1999	1919	54	kingdom	1.0	0.96	0.0	0.0	0.0	0.93	0.89	True
1679.151	1930	1861	40	kingdom	1.0	0.96	0.0	0.0	0.0	0.94	0.91	True
1679.152	1876	1820	58	kingdom	1.0	0.97	0.0	0.0	0.0	0.94	0.91	True
1679.153	2073	1905	54	kingdom	1.0	0.92	0.0	0.0	0.0	0.91	0.84	True
1679.154	1987	1927	31	kingdom	1.0	0.97	0.0	0.0	0.0	0.94	0.91	True
1679.155	2308	2121	82	kingdom	1.0	0.92	0.0	0.0	0.0	0.9	0.83	True
1679.156	2100	1967	58	kingdom	1.0	0.94	0.0	0.0	0.0	0.91	0.85	True
1679.157	2122	2020	58	kingdom	1.0	0.95	0.0	0.0	0.0	0.92	0.87	True
1679.158	2120	2019	92	kingdom	1.0	0.95	0.0	0.0	0.0	0.92	0.87	True
1679.159	2090	2024	65	phylum	1.0	0.97	0.52	0.02	0.05	0.93	0.9	False
1679.160	2263	2133	79	phylum	1.0	0.94	0.45	0.02	0.05	0.91	0.86	False
1679.161	2155	2067	58	kingdom	1.0	0.96	0.0	0.0	0.0	0.93	0.89	True
1679.162	2154	2058	51	kingdom	1.0	0.96	0.0	0.0	0.0	0.92	0.88	True
1679.163	2169	2084	68	kingdom	1.0	0.96	0.0	0.0	0.0	0.92	0.89	True
1679.164	2020	1943	63	kingdom	1.0	0.96	0.0	0.0	0.0	0.92	0.89	True
1679.165	2066	1980	61	kingdom	1.0	0.96	0.0	0.0	0.0	0.93	0.89	True
1679.166	2081	1957	38	kingdom	1.0	0.94	0.0	0.0	0.0	0.92	0.87	True
1679.167	2096	1919	32	kingdom	1.0	0.92	0.0	0.0	0.0	0.91	0.83	True
1679.168	1825	1780	21	kingdom	1.0	0.98	0.0	0.0	0.0	0.94	0.92	True
1679.169	1987	1913	63	kingdom	1.0	0.96	0.0	0.0	0.0	0.93	0.9	True
1679.170	2125	1990	45	kingdom	1.0	0.94	0.0	0.0	0.0	0.92	0.86	True
1679.171	1962	1899	59	kingdom	1.0	0.97	0.0	0.0	0.0	0.94	0.91	True
1679.172	1834	1784	71	kingdom	1.0	0.97	0.0	0.0	0.0	0.95	0.92	True
1679.173	1946	1877	41	kingdom	1.0	0.96	0.0	0.0	0.0	0.93	0.9	True
1679.174	1982	1924	62	kingdom	1.0	0.97	0.0	0.0	0.0	0.93	0.9	True
1679.175	2027	1938	33	kingdom	1.0	0.96	0.0	0.0	0.0	0.93	0.89	True
1679.176	2107	1968	45	kingdom	1.0	0.93	0.0	0.0	0.0	0.91	0.85	True
1679.177	2133	2045	62	kingdom	1.0	0.96	0.0	0.0	0.0	0.92	0.88	True
1679.178	2085	1986	42	kingdom	1.0	0.95	0.0	0.0	0.0	0.92	0.88	True
1679.179	2073	1954	37	kingdom	1.0	0.94	0.0	0.0	0.0	0.91	0.86	True
1679.180	1951	1882	40	kingdom	1.0	0.96	0.0	0.0	0.0	0.93	0.9	True
1679.181	2169	2002	57	kingdom	1.0	0.92	0.0	0.0	0.0	0.92	0.84	True
1679.182	2003	1932	64	kingdom	1.0	0.96	0.0	0.0	0.0	0.93	0.89	True
1679.183	2014	1909	33	kingdom	1.0	0.95	0.0	0.0	0.0	0.93	0.88	True
1679.184	2128	2044	58	kingdom	1.0	0.96	0.0	0.0	0.0	0.92	0.89	True
1679.185	2101	2007	82	kingdom	1.0	0.96	0.0	0.0	0.0	0.92	0.88	True
1679.186	2328	2104	57	kingdom	1.0	0.9	0.0	0.0	0.0	0.9	0.81	True
1679.187	2020	1938	28	kingdom	1.0	0.96	0.0	0.0	0.0	0.93	0.89	True
1679.188	1979	1911	38	kingdom	1.0	0.97	0.0	0.0	0.0	0.93	0.9	True
1679.189	2021	1943	58	kingdom	1.0	0.96	0.0	0.0	0.0	0.92	0.89	True
1679.190	2187	2007	66	kingdom	1.0	0.92	0.0	0.0	0.0	0.91	0.84	True
1679.191	2077	1998	46	kingdom	1.0	0.96	0.0	0.0	0.0	0.92	0.88	True
1679.192	2017	1936	23	kingdom	1.0	0.96	0.0	0.0	0.0	0.93	0.89	True
1679.193	1979	1915	34	kingdom	1.0	0.97	0.0	0.0	0.0	0.93	0.9	True
1679.194	2127	2036	61	kingdom	1.0	0.96	0.0	0.0	0.0	0.92	0.88	True
1679.195	1896	1838	34	kingdom	1.0	0.97	0.0	0.0	0.0	0.94	0.91	True
1679.196	1897	1839	18	kingdom	1.0	0.97	0.0	0.0	0.0	0.94	0.91	True
1679.197	2208	2013	56	kingdom	1.0	0.91	0.0	0.0	0.0	0.9	0.82	True
1679.198	2087	2003	41	kingdom	1.0	0.96	0.0	0.0	0.0	0.92	0.88	True
1679.199	2168	2017	49	phylum	1.0	0.93	0.73	0.03	0.05	0.92	0.86	False
1679.20	2187	2090	77	kingdom	1.0	0.96	0.0	0.0	0.0	0.92	0.88	True
1679.200	2161	2063	44	kingdom	1.0	0.95	0.0	0.0	0.0	0.91	0.87	True
1679.201	2072	2001	48	kingdom	1.0	0.97	0.0	0.0	0.0	0.93	0.9	True
1679.207	2046	1950	55	kingdom	1.0	0.95	0.0	0.0	0.0	0.92	0.88	True
1679.21	2198	2131	63	kingdom	1.0	0.97	0.0	0.0	0.0	0.94	0.91	True
1679.22	2058	1990	49	kingdom	1.0	0.97	0.0	0.0	0.0	0.93	0.9	True
1679.228	2093	1952	71	kingdom	1.0	0.93	0.0	0.0	0.0	0.91	0.85	True
1679.23	2070	2008	79	kingdom	1.0	0.97	0.0	0.0	0.0	0.93	0.9	True
1679.24	2025	1976	87	kingdom	1.0	0.98	0.0	0.0	0.0	0.94	0.92	True
1679.240	1909	1846	16	kingdom	1.0	0.97	0.0	0.0	0.0	0.94	0.91	True
1679.241	2178	2039	1	kingdom	1.0	0.94	0.0	0.0	0.0	0.91	0.85	True
1679.26	2069	1948	1	kingdom	1.0	0.94	0.0	0.0	0.0	0.92	0.87	True
1679.262	1847	1807	63	phylum	0.99	0.97	1.0	0.02	0.04	0.94	0.91	False
1679.263	1897	1854	1	kingdom	1.0	0.98	0.0	0.0	0.0	0.94	0.92	True
1679.264	1947	1867	1	kingdom	1.0	0.96	0.0	0.0	0.0	0.93	0.89	True
1679.265	2083	2003	1	kingdom	1.0	0.96	0.0	0.0	0.0	0.92	0.89	True
1679.267	2088	2023	1	kingdom	1.0	0.97	0.0	0.0	0.0	0.93	0.9	True
1679.270	1908	1837	1	kingdom	1.0	0.96	0.0	0.0	0.0	0.92	0.89	True
1679.271	2090	2008	1	kingdom	1.0	0.96	0.0	0.0	0.0	0.92	0.89	True
1679.279	1843	1804	17	kingdom	1.0	0.98	0.0	0.0	0.0	0.93	0.91	True
1679.280	1903	1846	31	kingdom	1.0	0.97	0.0	0.0	0.0	0.93	0.9	True
1679.281	1883	1837	25	kingdom	1.0	0.98	0.0	0.0	0.0	0.94	0.92	True
1679.282	2056	1992	9	kingdom	1.0	0.97	0.0	0.0	0.0	0.93	0.9	True
1679.283	2091	1984	37	kingdom	1.0	0.95	0.0	0.0	0.0	0.91	0.87	True
1679.284	2078	1996	45	kingdom	1.0	0.96	0.0	0.0	0.0	0.93	0.89	True
1679.285	2062	1916	29	kingdom	1.0	0.93	0.0	0.0	0.0	0.91	0.85	True
1679.286	1910	1854	37	kingdom	1.0	0.97	0.0	0.0	0.0	0.94	0.91	True
1679.287	1904	1845	27	kingdom	1.0	0.97	0.0	0.0	0.0	0.94	0.91	True
1679.288	2088	1945	28	kingdom	1.0	0.93	0.0	0.0	0.0	0.92	0.86	True
1679.289	2066	1916	31	kingdom	1.0	0.93	0.0	0.0	0.0	0.92	0.85	True
1679.29	1908	1840	40	kingdom	1.0	0.96	0.0	0.0	0.0	0.93	0.9	True
1679.290	1879	1836	24	kingdom	1.0	0.98	0.0	0.0	0.0	0.94	0.92	True
1679.31	1924	1860	21	kingdom	1.0	0.97	0.0	0.0	0.0	0.94	0.91	True
1679.45	1841	1800	27	kingdom	1.0	0.98	0.0	0.0	0.0	0.95	0.92	True
1679.51	1853	1814	1	kingdom	1.0	0.98	0.0	0.0	0.0	0.94	0.92	True
1679.55	2010	1930	71	kingdom	1.0	0.96	0.0	0.0	0.0	0.92	0.89	True
1679.6	1973	1830	8	kingdom	1.0	0.93	0.0	0.0	0.0	0.92	0.85	True
1679.7	2161	1986	33	kingdom	1.0	0.92	0.0	0.0	0.0	0.91	0.83	True
1679.8	2056	1982	71	kingdom	1.0	0.96	0.0	0.0	0.0	0.93	0.9	True
1679.88	2172	2027	52	kingdom	1.0	0.93	0.0	0.0	0.0	0.91	0.85	True
1679.89	2126	1992	56	kingdom	1.0	0.94	0.0	0.0	0.0	0.92	0.86	True
1679.9	1931	1881	1	kingdom	1.0	0.97	0.0	0.0	0.0	0.94	0.91	True
1679.90	2153	2016	59	kingdom	1.0	0.94	0.0	0.0	0.0	0.92	0.86	True
1679.91	2133	2022	51	kingdom	1.0	0.95	0.0	0.0	0.0	0.92	0.87	True
1679.92	2122	1988	46	kingdom	1.0	0.94	0.0	0.0	0.0	0.92	0.86	True
1679.93	2091	2009	72	kingdom	1.0	0.96	0.0	0.0	0.0	0.92	0.89	True
1679.94	2069	1995	63	kingdom	1.0	0.96	0.0	0.0	0.0	0.93	0.9	True
1679.95	2077	1997	73	kingdom	1.0	0.96	0.0	0.0	0.0	0.93	0.89	True
1679.96	1960	1914	64	kingdom	1.0	0.98	0.0	0.0	0.0	0.95	0.92	True
1679.97	2188	2076	54	kingdom	1.0	0.95	0.0	0.0	0.0	0.91	0.86	True
1679.98	2026	1915	44	kingdom	1.0	0.94	0.0	0.0	0.0	0.92	0.87	True
1679.99	1915	1849	50	kingdom	1.0	0.97	0.0	0.0	0.0	0.94	0.91	True
1680.104	1816	1740	1	kingdom	1.0	0.96	0.0	0.0	0.0	0.93	0.89	True
1680.142	1787	1713	1	kingdom	1.0	0.96	0.0	0.0	0.0	0.93	0.89	True
1680.143	1733	1679	12	kingdom	1.0	0.97	0.0	0.0	0.0	0.94	0.91	True
1680.144	1918	1782	22	kingdom	1.0	0.93	0.0	0.0	0.0	0.92	0.86	True
1680.145	1800	1736	23	kingdom	1.0	0.96	0.0	0.0	0.0	0.94	0.9	True
1680.146	1808	1741	23	kingdom	1.0	0.96	0.0	0.0	0.0	0.93	0.9	True
1680.147	1746	1694	16	kingdom	1.0	0.97	0.0	0.0	0.0	0.94	0.91	True
1680.148	1922	1833	25	kingdom	1.0	0.95	0.0	0.0	0.0	0.91	0.87	True
1680.149	1749	1696	16	kingdom	1.0	0.97	0.0	0.0	0.0	0.94	0.91	True
1680.150	1752	1698	19	kingdom	1.0	0.97	0.0	0.0	0.0	0.94	0.91	True
1680.151	1780	1726	12	kingdom	1.0	0.97	0.0	0.0	0.0	0.94	0.91	True
1680.152	1893	1807	25	kingdom	1.0	0.95	0.0	0.0	0.0	0.92	0.87	True
1680.153	1848	1759	26	kingdom	1.0	0.95	0.0	0.0	0.0	0.92	0.88	True
1680.154	1685	1646	20	kingdom	1.0	0.98	0.0	0.0	0.0	0.94	0.92	True
1680.155	1799	1732	16	kingdom	1.0	0.96	0.0	0.0	0.0	0.93	0.9	True
1680.156	1755	1677	16	kingdom	1.0	0.95	0.0	0.0	0.0	0.93	0.89	True
1680.157	1783	1732	12	kingdom	1.0	0.97	0.0	0.0	0.0	0.93	0.9	True
1680.158	1913	1797	61	kingdom	1.0	0.94	0.0	0.0	0.0	0.92	0.86	True
1680.159	1895	1802	25	kingdom	1.0	0.95	0.0	0.0	0.0	0.92	0.88	True
1680.160	1934	1821	15	kingdom	1.0	0.94	0.0	0.0	0.0	0.91	0.86	True
1680.1826	2063	1820	37	kingdom	1.0	0.88	0.0	0.0	0.0	0.91	0.8	True
1680.1827	1759	1700	13	kingdom	1.0	0.97	0.0	0.0	0.0	0.94	0.9	True
1680.1828	1908	1800	24	kingdom	1.0	0.94	0.0	0.0	0.0	0.91	0.86	True
1680.1894	1794	1722	34	kingdom	1.0	0.96	0.0	0.0	0.0	0.93	0.89	True
1680.1895	1794	1718	29	kingdom	1.0	0.96	0.0	0.0	0.0	0.93	0.89	True
1680.1896	1729	1671	27	kingdom	1.0	0.97	0.0	0.0	0.0	0.94	0.9	True
1680.1897	1761	1695	1	kingdom	1.0	0.96	0.0	0.0	0.0	0.94	0.9	True
1680.1898	1895	1816	8	kingdom	1.0	0.96	0.0	0.0	0.0	0.93	0.89	True
1680.1909	2010	1802	1	kingdom	1.0	0.9	0.0	0.0	0.0	0.91	0.81	True
1680.1978	1681	1644	11	kingdom	1.0	0.98	0.0	0.0	0.0	0.97	0.95	True
1680.2026	1784	1723	12	kingdom	1.0	0.97	0.0	0.0	0.0	0.94	0.91	True
1680.2027	1716	1656	108	kingdom	1.0	0.97	0.0	0.0	0.0	0.95	0.91	True
1680.2028	2113	1839	11	kingdom	1.0	0.87	0.0	0.0	0.0	0.9	0.79	True
1680.2029	1830	1737	12	kingdom	1.0	0.95	0.0	0.0	0.0	0.92	0.87	True
1680.2030	1908	1800	24	kingdom	1.0	0.94	0.0	0.0	0.0	0.91	0.86	True
1680.2031	2035	1917	94	kingdom	1.0	0.94	0.0	0.0	0.0	0.92	0.87	True
1680.2032	1936	1832	9	kingdom	1.0	0.95	0.0	0.0	0.0	0.92	0.87	True
1680.2033	1770	1712	21	kingdom	1.0	0.97	0.0	0.0	0.0	0.93	0.9	True
1680.2034	1859	1770	11	kingdom	1.0	0.95	0.0	0.0	0.0	0.93	0.88	True
1680.2035	1887	1779	20	kingdom	1.0	0.94	0.0	0.0	0.0	0.92	0.87	True
1680.2036	1864	1786	14	kingdom	1.0	0.96	0.0	0.0	0.0	0.92	0.88	True
1680.2037	1773	1710	45	kingdom	1.0	0.96	0.0	0.0	0.0	0.94	0.91	True
1680.2038	1769	1709	14	kingdom	1.0	0.97	0.0	0.0	0.0	0.93	0.9	True
1680.2039	1688	1652	13	kingdom	1.0	0.98	0.0	0.0	0.0	0.95	0.93	True
1680.2040	1736	1683	11	kingdom	1.0	0.97	0.0	0.0	0.0	0.93	0.91	True
1680.2041	1760	1716	13	kingdom	1.0	0.98	0.0	0.0	0.0	0.95	0.92	True
1680.2042	1748	1665	13	kingdom	1.0	0.95	0.0	0.0	0.0	0.94	0.89	True
1680.2043	1791	1713	13	kingdom	1.0	0.96	0.0	0.0	0.0	0.93	0.89	True
1680.2044	1990	1888	26	kingdom	1.0	0.95	0.0	0.0	0.0	0.91	0.86	True
1680.2045	1915	1804	12	kingdom	1.0	0.94	0.0	0.0	0.0	0.93	0.87	True
1680.2046	1795	1705	16	kingdom	1.0	0.95	0.0	0.0	0.0	0.93	0.89	True
1680.2047	1855	1801	16	kingdom	1.0	0.97	0.0	0.0	0.0	0.93	0.9	True
1680.2050	1893	1795	12	kingdom	1.0	0.95	0.0	0.0	0.0	0.92	0.87	True
1680.34	1746	1700	11	kingdom	1.0	0.97	0.0	0.0	0.0	0.94	0.92	True
1680.35	1863	1779	15	kingdom	1.0	0.95	0.0	0.0	0.0	0.92	0.88	True
1680.36	1802	1737	14	kingdom	1.0	0.96	0.0	0.0	0.0	0.93	0.9	True
1680.37	1701	1658	8	kingdom	1.0	0.97	0.0	0.0	0.0	0.95	0.92	True
1680.38	1723	1675	20	kingdom	1.0	0.97	0.0	0.0	0.0	0.94	0.92	True
1680.39	2248	1994	11	kingdom	1.0	0.89	0.0	0.0	0.0	0.9	0.8	True
1680.4	1770	1706	1	kingdom	1.0	0.96	0.0	0.0	0.0	0.93	0.9	True
1680.40	2044	1811	26	kingdom	1.0	0.89	0.0	0.0	0.0	0.91	0.81	True
1680.41	2090	1896	33	kingdom	1.0	0.91	0.0	0.0	0.0	0.9	0.82	True
1680.42	1800	1740	17	kingdom	1.0	0.97	0.0	0.0	0.0	0.93	0.9	True
1680.43	1848	1775	12	kingdom	1.0	0.96	0.0	0.0	0.0	0.93	0.89	True
1680.44	1690	1652	8	kingdom	1.0	0.98	0.0	0.0	0.0	0.97	0.95	True
1680.46	1796	1741	33	kingdom	1.0	0.97	0.0	0.0	0.0	0.93	0.91	True
1680.5	1770	1716	1	kingdom	1.0	0.97	0.0	0.0	0.0	0.93	0.9	True
1680.7	1968	1841	32	kingdom	1.0	0.94	0.0	0.0	0.0	0.91	0.85	True
1681.102	1901	1826	156	kingdom	1.0	0.96	0.0	0.0	0.0	0.94	0.91	True
1681.103	1870	1804	59	kingdom	1.0	0.96	0.0	0.0	0.0	0.94	0.91	True
1681.104	1909	1828	27	kingdom	1.0	0.96	0.0	0.0	0.0	0.93	0.89	True
1681.105	1918	1837	122	kingdom	1.0	0.96	0.0	0.0	0.0	0.94	0.9	True
1681.106	1993	1890	132	kingdom	1.0	0.95	0.0	0.0	0.0	0.93	0.88	True
1681.107	1900	1824	135	kingdom	1.0	0.96	0.0	0.0	0.0	0.94	0.91	True
1681.114	1924	1833	1	kingdom	1.0	0.95	0.0	0.0	0.0	0.94	0.9	True
1681.115	1797	1734	12	kingdom	1.0	0.96	0.0	0.0	0.0	0.96	0.92	True
1681.116	1939	1806	6	kingdom	1.0	0.93	0.0	0.0	0.0	0.94	0.88	True
1681.117	1785	1739	23	kingdom	1.0	0.97	0.0	0.0	0.0	0.96	0.94	True
1681.118	1785	1739	22	kingdom	1.0	0.97	0.0	0.0	0.0	0.96	0.94	True
1681.119	1793	1743	17	kingdom	1.0	0.97	0.0	0.0	0.0	0.95	0.93	True
1681.120	1782	1722	18	kingdom	1.0	0.97	0.0	0.0	0.0	0.95	0.92	True
1681.121	1782	1723	16	kingdom	1.0	0.97	0.0	0.0	0.0	0.95	0.92	True
1681.122	1784	1722	14	kingdom	1.0	0.97	0.0	0.0	0.0	0.96	0.93	True
1681.123	1933	1810	15	kingdom	1.0	0.94	0.0	0.0	0.0	0.94	0.88	True
1681.124	1828	1770	18	kingdom	1.0	0.97	0.0	0.0	0.0	0.96	0.93	True
1681.125	1783	1734	23	kingdom	1.0	0.97	0.0	0.0	0.0	0.96	0.93	True
1681.126	1776	1731	26	kingdom	1.0	0.97	0.0	0.0	0.0	0.96	0.94	True
1681.127	1785	1728	15	kingdom	1.0	0.97	0.0	0.0	0.0	0.96	0.93	True
1681.128	1909	1788	13	kingdom	1.0	0.94	0.0	0.0	0.0	0.94	0.88	True
1681.129	1782	1718	7	kingdom	1.0	0.96	0.0	0.0	0.0	0.95	0.92	True
1681.130	1806	1753	21	kingdom	1.0	0.97	0.0	0.0	0.0	0.95	0.92	True
1681.131	1810	1757	21	kingdom	1.0	0.97	0.0	0.0	0.0	0.95	0.92	True
1681.132	1819	1759	22	kingdom	1.0	0.97	0.0	0.0	0.0	0.95	0.92	True
1681.133	1810	1756	21	kingdom	1.0	0.97	0.0	0.0	0.0	0.95	0.92	True
1681.134	2005	1864	11	kingdom	1.0	0.93	0.0	0.0	0.0	0.93	0.86	True
1681.135	1996	1860	12	kingdom	1.0	0.93	0.0	0.0	0.0	0.93	0.87	True
1681.137	1793	1734	1	kingdom	1.0	0.97	0.0	0.0	0.0	0.95	0.92	True
1681.139	1933	1862	61	kingdom	1.0	0.96	0.0	0.0	0.0	0.94	0.9	True
1681.23	1851	1777	2	kingdom	1.0	0.96	0.0	0.0	0.0	0.95	0.91	True
1681.42	1811	1759	1	kingdom	1.0	0.97	0.0	0.0	0.0	0.98	0.95	True
1681.44	1795	1737	17	kingdom	1.0	0.97	0.0	0.0	0.0	0.95	0.92	True
1681.45	1852	1775	2	kingdom	1.0	0.96	0.0	0.0	0.0	0.95	0.91	True
1681.46	1968	1854	9	kingdom	1.0	0.94	0.0	0.0	0.0	0.93	0.88	True
1681.47	1912	1840	17	kingdom	1.0	0.96	0.0	0.0	0.0	0.94	0.9	True
1681.48	1814	1749	15	kingdom	1.0	0.96	0.0	0.0	0.0	0.95	0.92	True
1681.49	1833	1774	6	kingdom	1.0	0.97	0.0	0.0	0.0	0.95	0.92	True
1681.50	1796	1722	20	kingdom	1.0	0.96	0.0	0.0	0.0	0.95	0.91	True
1681.51	1833	1774	8	kingdom	1.0	0.97	0.0	0.0	0.0	0.94	0.91	True
1681.52	1838	1780	10	kingdom	1.0	0.97	0.0	0.0	0.0	0.94	0.91	True
1681.53	1934	1841	34	kingdom	1.0	0.95	0.0	0.0	0.0	0.93	0.89	True
1681.54	1780	1716	44	kingdom	1.0	0.96	0.0	0.0	0.0	0.95	0.92	True
1681.55	1833	1774	72	kingdom	1.0	0.97	0.0	0.0	0.0	0.95	0.92	True
1681.56	1915	1842	32	kingdom	1.0	0.96	0.0	0.0	0.0	0.94	0.9	True
1681.60	1761	1693	24	kingdom	1.0	0.96	0.0	0.0	0.0	0.96	0.92	True
1681.761	1832	1760	8	kingdom	1.0	0.96	0.0	0.0	0.0	0.95	0.91	True
1681.762	1884	1818	20	kingdom	1.0	0.96	0.0	0.0	0.0	0.94	0.91	True
1681.763	1780	1721	6	kingdom	1.0	0.97	0.0	0.0	0.0	0.95	0.92	True
1681.764	1881	1812	19	kingdom	1.0	0.96	0.0	0.0	0.0	0.95	0.91	True
1681.786	1922	1846	57	kingdom	1.0	0.96	0.0	0.0	0.0	0.94	0.9	True
1681.787	1890	1822	78	kingdom	1.0	0.96	0.0	0.0	0.0	0.95	0.91	True
1681.788	1762	1698	4	kingdom	1.0	0.96	0.0	0.0	0.0	0.95	0.92	True
1681.789	1756	1687	15	kingdom	1.0	0.96	0.0	0.0	0.0	0.95	0.92	True
1681.790	1829	1754	1	kingdom	1.0	0.96	0.0	0.0	0.0	0.95	0.91	True
1681.803	1910	1837	34	kingdom	1.0	0.96	0.0	0.0	0.0	0.94	0.9	True
1681.804	1872	1799	31	kingdom	1.0	0.96	0.0	0.0	0.0	0.94	0.91	True
1681.805	1824	1756	13	kingdom	1.0	0.96	0.0	0.0	0.0	0.95	0.91	True
1681.806	1830	1759	5	kingdom	1.0	0.96	0.0	0.0	0.0	0.95	0.91	True
1681.807	1815	1749	10	kingdom	1.0	0.96	0.0	0.0	0.0	0.95	0.91	True
1681.808	1829	1759	8	kingdom	1.0	0.96	0.0	0.0	0.0	0.95	0.91	True
1681.809	1814	1748	10	kingdom	1.0	0.96	0.0	0.0	0.0	0.95	0.91	True
1681.810	1815	1748	9	kingdom	1.0	0.96	0.0	0.0	0.0	0.94	0.91	True
1681.811	1779	1720	21	kingdom	1.0	0.97	0.0	0.0	0.0	0.95	0.92	True
1681.812	1814	1746	8	kingdom	1.0	0.96	0.0	0.0	0.0	0.95	0.91	True
1681.813	1813	1745	8	kingdom	1.0	0.96	0.0	0.0	0.0	0.95	0.91	True
1681.814	1777	1720	21	kingdom	1.0	0.97	0.0	0.0	0.0	0.95	0.92	True
1681.815	2021	1940	102	kingdom	1.0	0.96	0.0	0.0	0.0	0.95	0.91	True
1681.819	1927	1855	195	kingdom	1.0	0.96	0.0	0.0	0.0	0.95	0.92	True
1681.82	1890	1801	21	kingdom	1.0	0.95	0.0	0.0	0.0	0.94	0.9	True
1681.820	1865	1786	43	class	0.98	0.94	0.97	0.03	0.05	0.95	0.89	False
1681.821	1823	1763	75	kingdom	1.0	0.97	0.0	0.0	0.0	0.95	0.92	True
1681.823	1777	1715	18	kingdom	1.0	0.97	0.0	0.0	0.0	0.95	0.92	True
1681.824	1776	1714	19	kingdom	1.0	0.97	0.0	0.0	0.0	0.95	0.92	True
1681.825	2023	1957	94	kingdom	1.0	0.97	0.0	0.0	0.0	0.96	0.92	True
1681.83	1850	1780	30	phylum	1.0	0.96	0.16	0.02	0.04	0.94	0.9	True
1681.835	2001	1920	126	kingdom	1.0	0.96	0.0	0.0	0.0	0.94	0.91	True
1681.836	1786	1721	23	kingdom	1.0	0.96	0.0	0.0	0.0	0.95	0.92	True
1681.837	1821	1747	30	kingdom	1.0	0.96	0.0	0.0	0.0	0.95	0.91	True
1681.838	1896	1824	158	kingdom	1.0	0.96	0.0	0.0	0.0	0.95	0.91	True
1681.854	1755	1702	15	kingdom	1.0	0.97	0.0	0.0	0.0	0.96	0.93	True
1681.92	1981	1888	12	kingdom	1.0	0.95	0.0	0.0	0.0	0.95	0.91	True
1681.94	1855	1789	1	kingdom	1.0	0.96	0.0	0.0	0.0	0.94	0.91	True
1681.953	1877	1811	145	kingdom	1.0	0.96	0.0	0.0	0.0	0.96	0.92	True
1681.954	1828	1768	14	kingdom	1.0	0.97	0.0	0.0	0.0	0.96	0.92	True
1681.955	1804	1739	9	kingdom	1.0	0.96	0.0	0.0	0.0	0.95	0.92	True
1681.956	1800	1736	25	kingdom	1.0	0.96	0.0	0.0	0.0	0.95	0.91	True
1681.957	1779	1720	18	kingdom	1.0	0.97	0.0	0.0	0.0	0.96	0.92	True
1681.958	1777	1719	6	kingdom	1.0	0.97	0.0	0.0	0.0	0.95	0.92	True
1681.967	1955	1880	103	kingdom	1.0	0.96	0.0	0.0	0.0	0.95	0.91	True
1681.968	1749	1696	22	kingdom	1.0	0.97	0.0	0.0	0.0	0.96	0.93	True
1681.969	1886	1816	13	kingdom	1.0	0.96	0.0	0.0	0.0	0.94	0.9	True
1681.970	1879	1795	41	kingdom	1.0	0.96	0.0	0.0	0.0	0.94	0.9	True
1681.971	1861	1784	3	kingdom	1.0	0.96	0.0	0.0	0.0	0.95	0.91	True
1682.120	2273	2185	28	phylum	1.0	0.96	0.12	0.04	0.08	0.88	0.84	True
1682.13	2588	2307	57	phylum	0.99	0.89	0.15	0.03	0.07	0.86	0.76	True
1682.142	2290	2185	58	phylum	1.0	0.95	0.28	0.04	0.08	0.88	0.83	True
1682.15	2602	2313	60	phylum	0.99	0.88	0.17	0.03	0.07	0.86	0.76	True
1682.160	1986	1922	1	kingdom	1.0	0.97	0.0	0.0	0.0	0.93	0.9	True
1682.161	2004	1922	1	kingdom	1.0	0.96	0.0	0.0	0.0	0.93	0.89	True
1682.162	2463	2332	1	kingdom	1.0	0.95	0.0	0.0	0.0	0.87	0.82	True
1682.24	2208	2123	1	kingdom	1.0	0.96	0.0	0.0	0.0	0.88	0.84	True
1682.27	2399	2267	92	phylum	1.0	0.94	0.18	0.03	0.05	0.88	0.83	True
1682.29	2328	2211	54	phylum	0.99	0.94	0.18	0.04	0.08	0.88	0.83	True
1682.32	2229	2139	26	phylum	1.0	0.96	0.1	0.04	0.07	0.88	0.84	True
1682.48	2570	2300	1	kingdom	1.0	0.89	0.0	0.0	0.0	0.85	0.76	True
1682.71	2369	2204	44	phylum	1.0	0.93	0.18	0.02	0.05	0.87	0.81	True
1682.73	2272	2179	40	phylum	1.0	0.96	0.2	0.04	0.08	0.88	0.84	True
1683.3	1566	1540	6	kingdom	1.0	0.98	0.0	0.0	0.0	0.96	0.94	True
1683.4	1644	1604	13	kingdom	1.0	0.98	0.0	0.0	0.0	0.98	0.96	True
1685.10	2129	2077	2	kingdom	1.0	0.98	0.0	0.0	0.0	0.98	0.96	True
1685.11	2051	1976	27	kingdom	1.0	0.96	0.0	0.0	0.0	0.93	0.9	True
1685.170	1971	1916	17	kingdom	1.0	0.97	0.0	0.0	0.0	0.94	0.91	True
1685.178	1963	1891	42	kingdom	1.0	0.96	0.0	0.0	0.0	0.94	0.9	True
1685.179	2034	1956	65	kingdom	1.0	0.96	0.0	0.0	0.0	0.93	0.9	True
1685.181	1971	1918	103	kingdom	1.0	0.97	0.0	0.0	0.0	0.94	0.92	True
1685.182	2364	2179	36	kingdom	1.0	0.92	0.0	0.0	0.0	0.91	0.84	True
1685.183	2074	1999	37	kingdom	1.0	0.96	0.0	0.0	0.0	0.93	0.89	True
1685.191	1951	1898	1	kingdom	1.0	0.97	0.0	0.0	0.0	0.94	0.91	True
1685.199	1973	1903	1	kingdom	1.0	0.96	0.0	0.0	0.0	0.94	0.9	True
1685.200	1952	1900	1	kingdom	1.0	0.97	0.0	0.0	0.0	0.94	0.91	True
1685.33	2049	1988	57	kingdom	1.0	0.97	0.0	0.0	0.0	0.94	0.91	True
1685.38	2345	2260	101	kingdom	1.0	0.96	0.0	0.0	0.0	0.94	0.9	True
1685.39	1911	1869	27	kingdom	1.0	0.98	0.0	0.0	0.0	0.94	0.92	True
1685.40	2027	1969	57	kingdom	1.0	0.97	0.0	0.0	0.0	0.94	0.91	True
1685.41	2286	2158	55	kingdom	1.0	0.94	0.0	0.0	0.0	0.92	0.87	True
1685.42	2024	1963	26	kingdom	1.0	0.97	0.0	0.0	0.0	0.94	0.92	True
1685.43	1958	1906	15	kingdom	1.0	0.97	0.0	0.0	0.0	0.94	0.91	True
1685.44	1977	1921	47	kingdom	1.0	0.97	0.0	0.0	0.0	0.95	0.92	True
1685.45	2362	2269	63	kingdom	1.0	0.96	0.0	0.0	0.0	0.94	0.9	True
1685.46	1989	1898	40	kingdom	1.0	0.95	0.0	0.0	0.0	0.94	0.89	True
1685.47	2152	2082	39	kingdom	1.0	0.97	0.0	0.0	0.0	0.94	0.91	True
1685.48	1923	1859	35	kingdom	1.0	0.97	0.0	0.0	0.0	0.94	0.91	True
1685.49	2039	1980	39	kingdom	1.0	0.97	0.0	0.0	0.0	0.94	0.91	True
1685.499	1998	1936	27	kingdom	1.0	0.97	0.0	0.0	0.0	0.93	0.9	True
1685.500	2085	2028	50	kingdom	1.0	0.97	0.0	0.0	0.0	0.94	0.91	True
1685.514	1965	1909	17	kingdom	1.0	0.97	0.0	0.0	0.0	0.94	0.91	True
1685.520	2084	2018	1	kingdom	1.0	0.97	0.0	0.0	0.0	0.93	0.9	True
1685.526	1974	1933	1	kingdom	1.0	0.98	0.0	0.0	0.0	0.95	0.93	True
1685.55	2068	2010	35	order	0.97	0.94	0.25	0.02	0.05	0.95	0.89	True
1685.56	2032	1973	16	kingdom	1.0	0.97	0.0	0.0	0.0	0.93	0.91	True
1685.568	1898	1855	1	kingdom	1.0	0.98	0.0	0.0	0.0	0.95	0.92	True
1685.59	1968	1919	25	kingdom	1.0	0.98	0.0	0.0	0.0	0.94	0.92	True
1685.595	2091	2037	66	class	0.98	0.96	0.97	0.03	0.05	0.94	0.9	False
1685.596	2113	2033	199	kingdom	1.0	0.96	0.0	0.0	0.0	0.94	0.9	True
1685.597	1994	1936	5	kingdom	1.0	0.97	0.0	0.0	0.0	0.94	0.91	True
1685.598	1889	1847	9	kingdom	1.0	0.98	0.0	0.0	0.0	0.95	0.92	True
1685.60	1945	1884	22	kingdom	1.0	0.97	0.0	0.0	0.0	0.94	0.91	True
1685.61	2157	2098	37	kingdom	1.0	0.97	0.0	0.0	0.0	0.98	0.95	True
1685.610	2098	2018	29	kingdom	1.0	0.96	0.0	0.0	0.0	0.93	0.89	True
1685.611	2009	1947	23	kingdom	1.0	0.97	0.0	0.0	0.0	0.94	0.91	True
1685.612	1848	1801	20	kingdom	1.0	0.97	0.0	0.0	0.0	0.95	0.92	True
1685.613	2126	2073	6	kingdom	1.0	0.98	0.0	0.0	0.0	0.98	0.96	True
1685.614	2126	2075	7	kingdom	1.0	0.98	0.0	0.0	0.0	0.98	0.96	True
1685.62	2019	1953	22	kingdom	1.0	0.97	0.0	0.0	0.0	0.94	0.91	True
1685.66	1900	1857	16	kingdom	1.0	0.98	0.0	0.0	0.0	0.95	0.92	True
1685.73	2042	1994	1	kingdom	1.0	0.98	0.0	0.0	0.0	0.93	0.91	True
1685.74	1958	1905	1	kingdom	1.0	0.97	0.0	0.0	0.0	0.94	0.91	True
1685.75	1937	1895	1	kingdom	1.0	0.98	0.0	0.0	0.0	0.95	0.93	True
1685.76	1960	1912	1	kingdom	1.0	0.98	0.0	0.0	0.0	0.94	0.91	True
1685.77	1982	1930	1	kingdom	1.0	0.97	0.0	0.0	0.0	0.95	0.92	True
1685.78	1948	1898	1	kingdom	1.0	0.97	0.0	0.0	0.0	0.95	0.92	True
1685.79	2186	2001	1	kingdom	1.0	0.92	0.0	0.0	0.0	0.92	0.84	True
1685.8	1970	1913	31	kingdom	1.0	0.97	0.0	0.0	0.0	0.94	0.91	True
1685.80	2089	2027	1	kingdom	1.0	0.97	0.0	0.0	0.0	0.93	0.9	True
1685.81	2041	1980	1	kingdom	1.0	0.97	0.0	0.0	0.0	0.94	0.91	True
1685.82	2027	1988	1	kingdom	1.0	0.98	0.0	0.0	0.0	0.94	0.92	True
1685.83	2055	1995	1	kingdom	1.0	0.97	0.0	0.0	0.0	0.94	0.91	True
1685.84	2150	2064	1	kingdom	1.0	0.96	0.0	0.0	0.0	0.91	0.88	True
1685.85	1972	1928	1	kingdom	1.0	0.98	0.0	0.0	0.0	0.94	0.92	True
1685.86	2274	2074	1	kingdom	1.0	0.91	0.0	0.0	0.0	0.92	0.84	True
1685.87	2158	2095	1	kingdom	1.0	0.97	0.0	0.0	0.0	0.94	0.91	True
1685.88	1944	1892	1	kingdom	1.0	0.97	0.0	0.0	0.0	0.94	0.92	True
1685.89	1937	1899	1	kingdom	1.0	0.98	0.0	0.0	0.0	0.95	0.93	True
1685.9	2091	2035	28	kingdom	1.0	0.97	0.0	0.0	0.0	0.93	0.91	True
1685.90	2075	2009	1	kingdom	1.0	0.97	0.0	0.0	0.0	0.93	0.9	True
1685.91	2169	2094	1	kingdom	1.0	0.96	0.0	0.0	0.0	0.93	0.9	True
1685.92	1938	1897	1	kingdom	1.0	0.98	0.0	0.0	0.0	0.95	0.93	True
1685.93	1941	1900	1	kingdom	1.0	0.98	0.0	0.0	0.0	0.95	0.93	True
1685.94	1937	1895	1	kingdom	1.0	0.98	0.0	0.0	0.0	0.95	0.93	True
1685.95	1939	1896	1	kingdom	1.0	0.98	0.0	0.0	0.0	0.95	0.93	True
1685.96	1937	1895	1	kingdom	1.0	0.98	0.0	0.0	0.0	0.95	0.93	True
1685.97	2149	2063	1	kingdom	1.0	0.96	0.0	0.0	0.0	0.91	0.88	True
1685.98	2166	2091	1	kingdom	1.0	0.96	0.0	0.0	0.0	0.93	0.9	True
1685.99	1940	1899	1	kingdom	1.0	0.98	0.0	0.0	0.0	0.95	0.93	True
1686.201	1668	1625	18	kingdom	1.0	0.97	0.0	0.0	0.0	0.93	0.91	True
1686.202	1744	1683	18	kingdom	1.0	0.96	0.0	0.0	0.0	0.92	0.89	True
1686.206	1830	1736	16	kingdom	1.0	0.95	0.0	0.0	0.0	0.92	0.87	True
1686.6	1763	1713	13	kingdom	1.0	0.97	0.0	0.0	0.0	0.94	0.91	True
1689.109	2188	2111	33	kingdom	1.0	0.96	0.0	0.0	0.0	0.96	0.92	True
1689.110	2166	2089	29	kingdom	1.0	0.96	0.0	0.0	0.0	0.96	0.92	True
1689.112	2079	1998	18	kingdom	1.0	0.96	0.0	0.0	0.0	0.94	0.91	True
1689.113	2099	2030	23	kingdom	1.0	0.97	0.0	0.0	0.0	0.95	0.92	True
1689.121	2002	1954	24	kingdom	1.0	0.98	0.0	0.0	0.0	0.96	0.94	True
1689.122	2005	1952	15	kingdom	1.0	0.97	0.0	0.0	0.0	0.96	0.94	True
1689.123	2112	2044	21	kingdom	1.0	0.97	0.0	0.0	0.0	0.95	0.92	True
1689.124	2111	2040	25	kingdom	1.0	0.97	0.0	0.0	0.0	0.95	0.92	True
1689.125	2040	1975	14	kingdom	1.0	0.97	0.0	0.0	0.0	0.95	0.92	True
1689.126	2240	2137	18	kingdom	1.0	0.95	0.0	0.0	0.0	0.94	0.89	True
1689.127	2291	2166	15	kingdom	1.0	0.95	0.0	0.0	0.0	0.94	0.89	True
1689.128	2092	2028	10	kingdom	1.0	0.97	0.0	0.0	0.0	0.95	0.92	True
1689.18	2155	2101	1	kingdom	1.0	0.97	0.0	0.0	0.0	0.98	0.96	True
1689.6	2114	2048	26	kingdom	1.0	0.97	0.0	0.0	0.0	0.95	0.92	True
1689.80	2142	2067	19	kingdom	1.0	0.96	0.0	0.0	0.0	0.95	0.91	True
1689.81	2203	2110	20	kingdom	1.0	0.96	0.0	0.0	0.0	0.95	0.91	True
1689.9	2092	2029	24	kingdom	1.0	0.97	0.0	0.0	0.0	0.95	0.92	True
1689.90	2140	2065	13	kingdom	1.0	0.96	0.0	0.0	0.0	0.95	0.91	True
1689.91	2328	2245	88	kingdom	1.0	0.96	0.0	0.0	0.0	0.95	0.91	True
1689.92	2428	2348	100	kingdom	1.0	0.97	0.0	0.0	0.0	0.95	0.91	True
1694.11	1884	1760	15	kingdom	1.0	0.93	0.0	0.0	0.0	0.91	0.85	True
1695.19	1950	1897	23	kingdom	1.0	0.97	0.0	0.0	0.0	0.92	0.9	True
1695.4	2192	2114	42	kingdom	1.0	0.96	0.0	0.0	0.0	0.91	0.87	True
2013020.3	1684	1635	12	kingdom	1.0	0.97	0.0	0.0	0.0	0.94	0.91	True
2013021.3	1721	1665	7	kingdom	1.0	0.97	0.0	0.0	0.0	0.93	0.9	True
206672.9	1852	1814	2	kingdom	1.0	0.98	0.0	0.0	0.0	0.97	0.95	True
216816.111	2052	1984	1	kingdom	1.0	0.97	0.0	0.0	0.0	0.92	0.89	True
216816.112	1517	1472	28	kingdom	1.0	0.97	0.0	0.0	0.0	0.96	0.93	True
216816.113	2590	2488	138	kingdom	1.0	0.96	0.0	0.0	0.0	0.95	0.91	True
216816.114	2017	1968	2	kingdom	1.0	0.98	0.0	0.0	0.0	0.94	0.91	True
216816.115	1987	1919	36	kingdom	1.0	0.97	0.0	0.0	0.0	0.93	0.9	True
216816.116	1668	1626	234	kingdom	1.0	0.97	0.0	0.0	0.0	0.96	0.94	True
216816.117	2022	1869	21	kingdom	1.0	0.92	0.0	0.0	0.0	0.92	0.85	True
216816.126	1854	1809	1	kingdom	1.0	0.98	0.0	0.0	0.0	0.94	0.92	True
216816.130	2321	2108	66	kingdom	1.0	0.91	0.0	0.0	0.0	0.89	0.81	True
216816.131	2606	2320	78	phylum	0.99	0.88	0.25	0.03	0.07	0.86	0.76	True
216816.132	2627	2345	72	phylum	0.98	0.88	0.19	0.04	0.08	0.86	0.75	True
216816.133	2293	2154	44	phylum	0.99	0.93	0.06	0.04	0.08	0.88	0.82	True
216816.134	1970	1908	37	kingdom	1.0	0.97	0.0	0.0	0.0	0.94	0.91	True
216816.135	2012	1931	81	phylum	1.0	0.96	0.39	0.02	0.04	0.93	0.89	True
216816.136	2071	1976	80	kingdom	1.0	0.95	0.0	0.0	0.0	0.92	0.88	True
216816.137	2099	2014	47	kingdom	1.0	0.96	0.0	0.0	0.0	0.92	0.88	True
216816.139	2587	2309	68	phylum	0.99	0.89	0.19	0.04	0.07	0.86	0.76	True
216816.140	1991	1938	93	kingdom	1.0	0.97	0.0	0.0	0.0	0.94	0.91	True
216816.143	2100	2032	41	kingdom	1.0	0.97	0.0	0.0	0.0	0.93	0.9	True
216816.144	2192	2072	55	kingdom	1.0	0.95	0.0	0.0	0.0	0.89	0.84	True
216816.145	2021	1960	109	kingdom	1.0	0.97	0.0	0.0	0.0	0.94	0.91	True
216816.146	2176	2031	47	kingdom	1.0	0.93	0.0	0.0	0.0	0.92	0.86	True
216816.147	2031	1950	38	kingdom	1.0	0.96	0.0	0.0	0.0	0.93	0.89	True
216816.167	2033	1964	20	kingdom	1.0	0.97	0.0	0.0	0.0	0.92	0.89	True
216816.168	1954	1898	51	kingdom	1.0	0.97	0.0	0.0	0.0	0.93	0.91	True
216816.169	2234	2041	39	kingdom	1.0	0.91	0.0	0.0	0.0	0.9	0.83	True
216816.170	1990	1912	28	kingdom	1.0	0.96	0.0	0.0	0.0	0.93	0.9	True
216816.171	2045	1948	32	kingdom	1.0	0.95	0.0	0.0	0.0	0.92	0.88	True
216816.172	1977	1905	72	kingdom	1.0	0.96	0.0	0.0	0.0	0.93	0.9	True
216816.173	1799	1744	21	kingdom	1.0	0.97	0.0	0.0	0.0	0.94	0.91	True
216816.174	2126	1964	27	kingdom	1.0	0.92	0.0	0.0	0.0	0.92	0.85	True
216816.175	1806	1752	24	kingdom	1.0	0.97	0.0	0.0	0.0	0.94	0.91	True
216816.176	1994	1910	50	kingdom	1.0	0.96	0.0	0.0	0.0	0.92	0.89	True
216816.177	1931	1865	39	kingdom	1.0	0.97	0.0	0.0	0.0	0.93	0.9	True
216816.178	2062	1964	44	kingdom	1.0	0.95	0.0	0.0	0.0	0.92	0.88	True
216816.179	2097	1923	56	kingdom	1.0	0.92	0.0	0.0	0.0	0.92	0.84	True
216816.180	1966	1898	30	kingdom	1.0	0.97	0.0	0.0	0.0	0.93	0.9	True
216816.181	2029	1948	27	kingdom	1.0	0.96	0.0	0.0	0.0	0.92	0.89	True
216816.182	2026	1951	52	kingdom	1.0	0.96	0.0	0.0	0.0	0.93	0.89	True
216816.183	1889	1841	25	kingdom	1.0	0.97	0.0	0.0	0.0	0.93	0.91	True
216816.184	2205	2018	48	kingdom	1.0	0.92	0.0	0.0	0.0	0.91	0.84	True
216816.185	2079	1899	50	kingdom	1.0	0.91	0.0	0.0	0.0	0.92	0.84	True
216816.186	2036	1969	37	kingdom	1.0	0.97	0.0	0.0	0.0	0.92	0.89	True
216816.1972	1847	1797	21	kingdom	1.0	0.97	0.0	0.0	0.0	0.93	0.91	True
216816.1973	1989	1918	44	kingdom	1.0	0.96	0.0	0.0	0.0	0.93	0.9	True
216816.1974	1949	1902	1	kingdom	1.0	0.98	0.0	0.0	0.0	0.94	0.92	True
216816.1976	1913	1854	42	kingdom	1.0	0.97	0.0	0.0	0.0	0.94	0.91	True
216816.1977	2035	1954	25	kingdom	1.0	0.96	0.0	0.0	0.0	0.93	0.89	True
216816.1978	2001	1921	48	kingdom	1.0	0.96	0.0	0.0	0.0	0.93	0.89	True
216816.2033	1891	1838	1	kingdom	1.0	0.97	0.0	0.0	0.0	0.94	0.91	True
216816.2037	1822	1790	143	kingdom	1.0	0.98	0.0	0.0	0.0	0.95	0.93	True
216816.2038	1827	1785	102	kingdom	1.0	0.98	0.0	0.0	0.0	0.94	0.92	True
216816.2039	1880	1828	94	kingdom	1.0	0.97	0.0	0.0	0.0	0.94	0.91	True
216816.2040	1840	1792	66	kingdom	1.0	0.97	0.0	0.0	0.0	0.94	0.92	True
216816.2041	1799	1759	68	kingdom	1.0	0.98	0.0	0.0	0.0	0.94	0.92	True
216816.2042	1396	1365	57	kingdom	1.0	0.98	0.0	0.0	0.0	0.94	0.92	True
216816.2043	1890	1829	61	kingdom	1.0	0.97	0.0	0.0	0.0	0.93	0.9	True
216816.2044	1956	1870	37	kingdom	1.0	0.96	0.0	0.0	0.0	0.93	0.89	True
216816.2045	1962	1865	44	kingdom	1.0	0.95	0.0	0.0	0.0	0.93	0.88	True
216816.2046	1918	1860	34	kingdom	1.0	0.97	0.0	0.0	0.0	0.93	0.91	True
216816.2047	1902	1849	36	kingdom	1.0	0.97	0.0	0.0	0.0	0.94	0.91	True
216816.2048	1920	1861	37	kingdom	1.0	0.97	0.0	0.0	0.0	0.93	0.91	True
216816.2049	2048	1957	60	kingdom	1.0	0.96	0.0	0.0	0.0	0.93	0.88	True
216816.2050	1804	1762	44	kingdom	1.0	0.98	0.0	0.0	0.0	0.95	0.92	True
216816.2051	2015	1953	44	kingdom	1.0	0.97	0.0	0.0	0.0	0.93	0.9	True
216816.2052	1457	1414	24	kingdom	1.0	0.97	0.0	0.0	0.0	0.93	0.9	True
216816.2053	2036	1964	51	kingdom	1.0	0.96	0.0	0.0	0.0	0.93	0.9	True
216816.2054	1887	1811	9	kingdom	1.0	0.96	0.0	0.0	0.0	0.92	0.88	True
216816.2055	1853	1800	4	kingdom	1.0	0.97	0.0	0.0	0.0	0.94	0.91	True
216816.2087	2023	1952	1	kingdom	1.0	0.96	0.0	0.0	0.0	0.92	0.89	True
216816.2089	1873	1830	3	kingdom	1.0	0.98	0.0	0.0	0.0	0.95	0.93	True
216816.2110	1943	1883	1	kingdom	1.0	0.97	0.0	0.0	0.0	0.94	0.91	True
216816.224	1847	1807	16	kingdom	1.0	0.98	0.0	0.0	0.0	0.94	0.92	True
216816.225	2187	2016	153	kingdom	1.0	0.92	0.0	0.0	0.0	0.92	0.84	True
216816.226	2205	2052	154	genus	0.95	0.88	0.98	0.04	0.07	0.93	0.82	False
216816.227	2054	1911	19	kingdom	1.0	0.93	0.0	0.0	0.0	0.92	0.85	True
216816.228	2047	1909	12	kingdom	1.0	0.93	0.0	0.0	0.0	0.92	0.85	True
216816.2315	1935	1888	1	kingdom	1.0	0.98	0.0	0.0	0.0	0.93	0.91	True
216816.2316	1816	1774	326	kingdom	1.0	0.98	0.0	0.0	0.0	0.95	0.93	True
216816.2317	1845	1788	259	kingdom	1.0	0.97	0.0	0.0	0.0	0.95	0.92	True
216816.2318	2011	1933	200	kingdom	1.0	0.96	0.0	0.0	0.0	0.94	0.9	True
216816.2319	1871	1829	118	kingdom	1.0	0.98	0.0	0.0	0.0	0.95	0.93	True
216816.2320	2009	1909	76	kingdom	1.0	0.95	0.0	0.0	0.0	0.93	0.88	True
216816.2321	1836	1800	30	kingdom	1.0	0.98	0.0	0.0	0.0	0.94	0.92	True
216816.2322	1961	1894	98	kingdom	1.0	0.97	0.0	0.0	0.0	0.94	0.9	True
216816.2323	2043	1964	45	kingdom	1.0	0.96	0.0	0.0	0.0	0.92	0.88	True
216816.2324	1954	1899	27	kingdom	1.0	0.97	0.0	0.0	0.0	0.93	0.91	True
216816.2325	1931	1882	36	kingdom	1.0	0.97	0.0	0.0	0.0	0.94	0.92	True
216816.2326	1971	1907	49	kingdom	1.0	0.97	0.0	0.0	0.0	0.93	0.9	True
216816.2327	1924	1867	20	kingdom	1.0	0.97	0.0	0.0	0.0	0.93	0.9	True
216816.2328	2177	1995	57	kingdom	1.0	0.92	0.0	0.0	0.0	0.91	0.83	True
216816.2329	2185	2006	58	kingdom	1.0	0.92	0.0	0.0	0.0	0.91	0.83	True
216816.2330	2063	1964	62	kingdom	1.0	0.95	0.0	0.0	0.0	0.93	0.88	True
216816.2331	2244	2001	38	kingdom	1.0	0.89	0.0	0.0	0.0	0.9	0.8	True
216816.2332	1999	1949	36	kingdom	1.0	0.97	0.0	0.0	0.0	0.93	0.91	True
216816.2333	2020	1886	23	kingdom	1.0	0.93	0.0	0.0	0.0	0.92	0.86	True
216816.2334	2161	2020	60	kingdom	1.0	0.93	0.0	0.0	0.0	0.91	0.85	True
216816.2335	2057	1976	49	kingdom	1.0	0.96	0.0	0.0	0.0	0.93	0.89	True
216816.2336	2057	1928	27	kingdom	1.0	0.94	0.0	0.0	0.0	0.92	0.86	True
216816.2337	1913	1854	42	kingdom	1.0	0.97	0.0	0.0	0.0	0.94	0.91	True
216816.2338	2041	1927	54	kingdom	1.0	0.94	0.0	0.0	0.0	0.92	0.87	True
216816.2339	2227	2123	119	kingdom	1.0	0.95	0.0	0.0	0.0	0.91	0.87	True
216816.2340	1989	1918	37	kingdom	1.0	0.96	0.0	0.0	0.0	0.93	0.9	True
216816.2341	1922	1871	26	kingdom	1.0	0.97	0.0	0.0	0.0	0.93	0.91	True
216816.2345	1917	1874	39	kingdom	1.0	0.98	0.0	0.0	0.0	0.94	0.92	True
216816.2346	2130	2054	95	class	0.98	0.94	0.96	0.02	0.04	0.93	0.88	False
216816.2347	2082	1997	85	kingdom	1.0	0.96	0.0	0.0	0.0	0.93	0.89	True
216816.2348	2137	2044	63	kingdom	1.0	0.96	0.0	0.0	0.0	0.92	0.88	True
216816.2349	1982	1912	49	kingdom	1.0	0.96	0.0	0.0	0.0	0.93	0.9	True
216816.2350	2230	2050	55	kingdom	1.0	0.92	0.0	0.0	0.0	0.9	0.83	True
216816.2351	2007	1926	43	kingdom	1.0	0.96	0.0	0.0	0.0	0.93	0.89	True
216816.2352	1904	1848	83	kingdom	1.0	0.97	0.0	0.0	0.0	0.94	0.91	True
216816.2353	1914	1861	27	kingdom	1.0	0.97	0.0	0.0	0.0	0.94	0.91	True
216816.2354	1996	1924	55	kingdom	1.0	0.96	0.0	0.0	0.0	0.93	0.9	True
216816.2355	1892	1839	35	kingdom	1.0	0.97	0.0	0.0	0.0	0.94	0.91	True
216816.2356	2035	1954	25	kingdom	1.0	0.96	0.0	0.0	0.0	0.93	0.89	True
216816.2357	2031	1954	28	kingdom	1.0	0.96	0.0	0.0	0.0	0.93	0.9	True
216816.2358	2024	1940	40	kingdom	1.0	0.96	0.0	0.0	0.0	0.93	0.89	True
216816.2359	2101	1991	59	kingdom	1.0	0.95	0.0	0.0	0.0	0.92	0.87	True
216816.2363	2065	1992	27	kingdom	1.0	0.96	0.0	0.0	0.0	0.92	0.88	True
216816.254	1961	1913	45	kingdom	1.0	0.98	0.0	0.0	0.0	0.93	0.91	True
216816.256	2206	2101	350	kingdom	1.0	0.95	0.0	0.0	0.0	0.92	0.88	True
216816.257	1971	1891	42	kingdom	1.0	0.96	0.0	0.0	0.0	0.93	0.89	True
216816.258	2019	1957	55	kingdom	1.0	0.97	0.0	0.0	0.0	0.93	0.9	True
216816.262	1996	1911	116	kingdom	1.0	0.96	0.0	0.0	0.0	0.91	0.87	True
216816.263	2081	1956	49	kingdom	1.0	0.94	0.0	0.0	0.0	0.92	0.86	True
216816.264	1995	1925	31	kingdom	1.0	0.96	0.0	0.0	0.0	0.93	0.9	True
216816.265	2081	1955	15	kingdom	1.0	0.94	0.0	0.0	0.0	0.91	0.85	True
216816.266	2059	1939	21	kingdom	1.0	0.94	0.0	0.0	0.0	0.91	0.86	True
216816.267	1965	1892	26	kingdom	1.0	0.96	0.0	0.0	0.0	0.92	0.89	True
216816.268	1974	1904	19	kingdom	1.0	0.96	0.0	0.0	0.0	0.93	0.89	True
216816.269	2026	1946	21	kingdom	1.0	0.96	0.0	0.0	0.0	0.93	0.89	True
216816.270	2224	2000	20	kingdom	1.0	0.9	0.0	0.0	0.0	0.9	0.81	True
216816.271	1989	1917	13	kingdom	1.0	0.96	0.0	0.0	0.0	0.92	0.89	True
216816.272	2120	1989	46	kingdom	1.0	0.94	0.0	0.0	0.0	0.91	0.85	True
216816.273	2230	2007	20	kingdom	1.0	0.9	0.0	0.0	0.0	0.9	0.81	True
216816.274	1934	1861	17	kingdom	1.0	0.96	0.0	0.0	0.0	0.92	0.89	True
216816.275	1968	1898	17	kingdom	1.0	0.96	0.0	0.0	0.0	0.92	0.89	True
216816.276	1871	1839	48	kingdom	1.0	0.98	0.0	0.0	0.0	0.94	0.92	True
216816.277	2019	1945	28	kingdom	1.0	0.96	0.0	0.0	0.0	0.93	0.9	True
216816.278	2009	1937	24	kingdom	1.0	0.96	0.0	0.0	0.0	0.93	0.9	True
216816.279	1923	1785	20	kingdom	1.0	0.93	0.0	0.0	0.0	0.92	0.86	True
216816.280	1999	1858	30	kingdom	1.0	0.93	0.0	0.0	0.0	0.92	0.86	True
216816.281	1925	1786	22	kingdom	1.0	0.93	0.0	0.0	0.0	0.92	0.86	True
216816.282	2369	2090	55	phylum	0.99	0.88	0.22	0.02	0.04	0.89	0.78	True
216816.283	2204	2066	22	kingdom	1.0	0.94	0.0	0.0	0.0	0.9	0.85	True
216816.284	2080	1937	20	kingdom	1.0	0.93	0.0	0.0	0.0	0.92	0.86	True
216816.285	2082	1937	22	kingdom	1.0	0.93	0.0	0.0	0.0	0.92	0.86	True
216816.286	1999	1912	16	kingdom	1.0	0.96	0.0	0.0	0.0	0.92	0.88	True
216816.287	2019	1958	19	kingdom	1.0	0.97	0.0	0.0	0.0	0.92	0.89	True
216816.288	2014	1954	17	kingdom	1.0	0.97	0.0	0.0	0.0	0.92	0.89	True
216816.289	2015	1953	19	kingdom	1.0	0.97	0.0	0.0	0.0	0.92	0.89	True
216816.290	1999	1924	12	kingdom	1.0	0.96	0.0	0.0	0.0	0.93	0.89	True
216816.291	2174	2000	18	kingdom	1.0	0.92	0.0	0.0	0.0	0.91	0.84	True
216816.292	2021	1915	24	kingdom	1.0	0.95	0.0	0.0	0.0	0.92	0.87	True
216816.293	1956	1873	12	kingdom	1.0	0.96	0.0	0.0	0.0	0.92	0.88	True
216816.294	1981	1898	22	kingdom	1.0	0.96	0.0	0.0	0.0	0.92	0.88	True
216816.295	1829	1775	15	kingdom	1.0	0.97	0.0	0.0	0.0	0.94	0.91	True
216816.296	1820	1776	13	kingdom	1.0	0.98	0.0	0.0	0.0	0.94	0.92	True
216816.297	2044	1926	12	kingdom	1.0	0.94	0.0	0.0	0.0	0.92	0.87	True
216816.298	1958	1885	27	kingdom	1.0	0.96	0.0	0.0	0.0	0.93	0.89	True
216816.299	1910	1871	24	kingdom	1.0	0.98	0.0	0.0	0.0	0.94	0.92	True
216816.300	1893	1848	37	kingdom	1.0	0.98	0.0	0.0	0.0	0.94	0.92	True
216816.301	1883	1840	21	kingdom	1.0	0.98	0.0	0.0	0.0	0.94	0.92	True
216816.302	1900	1858	42	kingdom	1.0	0.98	0.0	0.0	0.0	0.94	0.92	True
216816.303	1909	1853	16	kingdom	1.0	0.97	0.0	0.0	0.0	0.94	0.91	True
216816.304	1882	1838	22	kingdom	1.0	0.98	0.0	0.0	0.0	0.94	0.92	True
216816.305	1938	1867	24	kingdom	1.0	0.96	0.0	0.0	0.0	0.93	0.89	True
216816.306	2025	1958	43	phylum	1.0	0.97	0.7	0.03	0.05	0.93	0.9	False
216816.307	1973	1894	31	kingdom	1.0	0.96	0.0	0.0	0.0	0.92	0.89	True
216816.308	2017	1932	19	kingdom	1.0	0.96	0.0	0.0	0.0	0.92	0.88	True
216816.309	2003	1937	21	kingdom	1.0	0.97	0.0	0.0	0.0	0.93	0.9	True
216816.310	2033	1970	34	kingdom	1.0	0.97	0.0	0.0	0.0	0.92	0.89	True
216816.311	1837	1793	15	kingdom	1.0	0.98	0.0	0.0	0.0	0.94	0.92	True
216816.312	1838	1795	17	kingdom	1.0	0.98	0.0	0.0	0.0	0.94	0.92	True
216816.324	2102	1931	52	kingdom	1.0	0.92	0.0	0.0	0.0	0.91	0.84	True
28025.10	1591	1554	1	kingdom	1.0	0.98	0.0	0.0	0.0	0.98	0.96	True
28025.12	1654	1599	58	order	0.99	0.95	1.0	0.02	0.05	0.98	0.94	False
28025.127	1569	1533	1	kingdom	1.0	0.98	0.0	0.0	0.0	0.98	0.96	True
28025.128	1577	1541	14	kingdom	1.0	0.98	0.0	0.0	0.0	0.98	0.96	True
28025.129	1575	1538	15	kingdom	1.0	0.98	0.0	0.0	0.0	0.98	0.96	True
28025.13	1621	1572	35	kingdom	1.0	0.97	0.0	0.0	0.0	0.98	0.95	True
28025.130	1581	1542	15	kingdom	1.0	0.98	0.0	0.0	0.0	0.98	0.95	True
28025.131	1580	1541	15	kingdom	1.0	0.98	0.0	0.0	0.0	0.98	0.95	True
28025.132	1574	1534	15	kingdom	1.0	0.97	0.0	0.0	0.0	0.98	0.95	True
28025.133	1580	1545	1	kingdom	1.0	0.98	0.0	0.0	0.0	0.98	0.96	True
28025.137	1578	1542	14	kingdom	1.0	0.98	0.0	0.0	0.0	0.98	0.96	True
28025.138	1575	1538	13	kingdom	1.0	0.98	0.0	0.0	0.0	0.98	0.96	True
28025.139	1573	1537	13	kingdom	1.0	0.98	0.0	0.0	0.0	0.98	0.96	True
28025.165	1572	1535	18	kingdom	1.0	0.98	0.0	0.0	0.0	0.98	0.96	True
28025.19	1583	1547	1	kingdom	1.0	0.98	0.0	0.0	0.0	0.98	0.96	True
28025.23	1580	1543	15	kingdom	1.0	0.98	0.0	0.0	0.0	0.98	0.96	True
28025.24	1575	1536	16	kingdom	1.0	0.98	0.0	0.0	0.0	0.98	0.96	True
28025.25	1613	1563	46	kingdom	1.0	0.97	0.0	0.0	0.0	0.98	0.95	True
28025.26	1581	1544	15	kingdom	1.0	0.98	0.0	0.0	0.0	0.98	0.96	True
28025.27	1579	1541	17	kingdom	1.0	0.98	0.0	0.0	0.0	0.98	0.96	True
28025.34	1571	1533	15	kingdom	1.0	0.98	0.0	0.0	0.0	0.98	0.96	True
28025.35	1571	1533	17	kingdom	1.0	0.98	0.0	0.0	0.0	0.98	0.96	True
28026.102	1751	1709	15	kingdom	1.0	0.98	0.0	0.0	0.0	0.96	0.94	True
28026.1025	1724	1691	14	kingdom	1.0	0.98	0.0	0.0	0.0	0.96	0.94	True
28026.1026	1746	1714	35	kingdom	1.0	0.98	0.0	0.0	0.0	0.96	0.94	True
28026.1027	1949	1867	20	kingdom	1.0	0.96	0.0	0.0	0.0	0.95	0.91	True
28026.1028	1855	1810	18	kingdom	1.0	0.98	0.0	0.0	0.0	0.95	0.93	True
28026.1029	1865	1811	52	kingdom	1.0	0.97	0.0	0.0	0.0	0.94	0.92	True
28026.1030	1769	1730	9	kingdom	1.0	0.98	0.0	0.0	0.0	0.94	0.92	True
28026.1031	1972	1891	35	kingdom	1.0	0.96	0.0	0.0	0.0	0.94	0.9	True
28026.1032	2013	1834	10	kingdom	1.0	0.91	0.0	0.0	0.0	0.92	0.84	True
28026.1033	1814	1777	28	phylum	1.0	0.98	0.44	0.02	0.05	0.96	0.94	True
28026.1034	1823	1770	22	kingdom	1.0	0.97	0.0	0.0	0.0	0.95	0.93	True
28026.128	1784	1746	11	kingdom	1.0	0.98	0.0	0.0	0.0	0.96	0.94	True
28026.130	1777	1732	10	kingdom	1.0	0.97	0.0	0.0	0.0	0.96	0.94	True
28026.131	1819	1748	15	kingdom	1.0	0.96	0.0	0.0	0.0	0.95	0.91	True
28026.133	1825	1764	14	kingdom	1.0	0.97	0.0	0.0	0.0	0.95	0.92	True
28026.134	2012	1889	16	kingdom	1.0	0.94	0.0	0.0	0.0	0.93	0.87	True
28026.135	1914	1830	18	kingdom	1.0	0.96	0.0	0.0	0.0	0.94	0.9	True
28026.136	1901	1838	22	kingdom	1.0	0.97	0.0	0.0	0.0	0.94	0.91	True
28026.137	1807	1760	6	kingdom	1.0	0.97	0.0	0.0	0.0	0.96	0.93	True
28026.138	1764	1720	13	kingdom	1.0	0.98	0.0	0.0	0.0	0.96	0.93	True
28026.140	1947	1849	16	kingdom	1.0	0.95	0.0	0.0	0.0	0.93	0.88	True
28026.141	1998	1899	13	kingdom	1.0	0.95	0.0	0.0	0.0	0.93	0.89	True
28026.142	1810	1745	11	kingdom	1.0	0.96	0.0	0.0	0.0	0.95	0.92	True
28026.143	1820	1752	11	kingdom	1.0	0.96	0.0	0.0	0.0	0.95	0.91	True
28026.145	1803	1767	16	kingdom	1.0	0.98	0.0	0.0	0.0	0.95	0.93	True
28026.147	1879	1800	18	kingdom	1.0	0.96	0.0	0.0	0.0	0.94	0.9	True
28026.148	1830	1760	20	kingdom	1.0	0.96	0.0	0.0	0.0	0.95	0.91	True
28026.149	1879	1798	15	kingdom	1.0	0.96	0.0	0.0	0.0	0.94	0.9	True
28026.151	1790	1750	14	kingdom	1.0	0.98	0.0	0.0	0.0	0.96	0.94	True
28026.152	1788	1748	16	kingdom	1.0	0.98	0.0	0.0	0.0	0.96	0.94	True
28026.153	1819	1768	9	kingdom	1.0	0.97	0.0	0.0	0.0	0.96	0.93	True
28026.154	1792	1753	16	kingdom	1.0	0.98	0.0	0.0	0.0	0.96	0.94	True
28026.155	1929	1838	17	kingdom	1.0	0.95	0.0	0.0	0.0	0.95	0.9	True
28026.156	1764	1726	16	kingdom	1.0	0.98	0.0	0.0	0.0	0.96	0.94	True
28026.157	1771	1735	7	kingdom	1.0	0.98	0.0	0.0	0.0	0.96	0.94	True
28026.158	1867	1795	12	kingdom	1.0	0.96	0.0	0.0	0.0	0.95	0.91	True
28026.159	1746	1709	18	phylum	1.0	0.98	0.22	0.02	0.04	0.95	0.93	True
28026.160	1750	1711	17	phylum	1.0	0.98	0.22	0.02	0.04	0.95	0.93	True
28026.161	1838	1776	13	kingdom	1.0	0.97	0.0	0.0	0.0	0.95	0.92	True
28026.162	1803	1751	12	kingdom	1.0	0.97	0.0	0.0	0.0	0.96	0.93	True
28026.164	1770	1713	18	kingdom	1.0	0.97	0.0	0.0	0.0	0.96	0.93	True
28026.165	1847	1791	13	kingdom	1.0	0.97	0.0	0.0	0.0	0.95	0.92	True
28026.166	1855	1796	13	kingdom	1.0	0.97	0.0	0.0	0.0	0.95	0.92	True
28026.167	1779	1741	9	kingdom	1.0	0.98	0.0	0.0	0.0	0.95	0.93	True
28026.168	1943	1801	18	kingdom	1.0	0.93	0.0	0.0	0.0	0.94	0.87	True
28026.169	1754	1702	16	kingdom	1.0	0.97	0.0	0.0	0.0	0.95	0.92	True
28026.170	1749	1701	13	kingdom	1.0	0.97	0.0	0.0	0.0	0.95	0.93	True
28026.171	1876	1809	21	kingdom	1.0	0.96	0.0	0.0	0.0	0.95	0.91	True
28026.172	1878	1805	24	kingdom	1.0	0.96	0.0	0.0	0.0	0.95	0.91	True
28026.173	1810	1757	16	kingdom	1.0	0.97	0.0	0.0	0.0	0.95	0.92	True
28026.174	1797	1750	14	kingdom	1.0	0.97	0.0	0.0	0.0	0.95	0.93	True
28026.177	1983	1894	18	kingdom	1.0	0.96	0.0	0.0	0.0	0.93	0.89	True
28026.27	1797	1746	23	kingdom	1.0	0.97	0.0	0.0	0.0	0.95	0.93	True
28026.28	1856	1774	31	kingdom	1.0	0.96	0.0	0.0	0.0	0.95	0.91	True
28026.29	1801	1756	62	kingdom	1.0	0.98	0.0	0.0	0.0	0.97	0.94	True
28026.30	1916	1831	66	kingdom	1.0	0.96	0.0	0.0	0.0	0.95	0.91	True
28026.31	2115	1938	43	kingdom	1.0	0.92	0.0	0.0	0.0	0.93	0.85	True
28026.32	2125	2008	62	kingdom	1.0	0.94	0.0	0.0	0.0	0.93	0.88	True
28026.752	1735	1704	17	kingdom	1.0	0.98	0.0	0.0	0.0	0.96	0.94	True
28026.753	1696	1660	6	kingdom	1.0	0.98	0.0	0.0	0.0	0.96	0.94	True
28026.771	1953	1847	32	kingdom	1.0	0.95	0.0	0.0	0.0	0.94	0.89	True
28026.772	1943	1840	35	kingdom	1.0	0.95	0.0	0.0	0.0	0.94	0.89	True
28026.773	1948	1842	35	kingdom	1.0	0.95	0.0	0.0	0.0	0.94	0.89	True
28026.774	1755	1712	7	kingdom	1.0	0.98	0.0	0.0	0.0	0.96	0.94	True
28026.775	1645	1603	1	kingdom	1.0	0.97	0.0	0.0	0.0	0.96	0.93	True
28026.776	1907	1835	4	kingdom	1.0	0.96	0.0	0.0	0.0	0.96	0.92	True
28026.840	1816	1738	27	kingdom	1.0	0.96	0.0	0.0	0.0	0.96	0.91	True
302911.120	1580	1542	13	kingdom	1.0	0.98	0.0	0.0	0.0	0.98	0.96	True
302911.124	1577	1536	24	kingdom	1.0	0.97	0.0	0.0	0.0	0.98	0.95	True
302911.25	1577	1541	1	kingdom	1.0	0.98	0.0	0.0	0.0	0.98	0.96	True
302911.26	1609	1571	21	kingdom	1.0	0.98	0.0	0.0	0.0	0.98	0.95	True
302911.56	1591	1547	27	kingdom	1.0	0.97	0.0	0.0	0.0	0.98	0.95	True
302911.57	1571	1534	17	kingdom	1.0	0.98	0.0	0.0	0.0	0.98	0.96	True
302911.59	1656	1614	113	kingdom	1.0	0.97	0.0	0.0	0.0	0.98	0.95	True
302911.60	1580	1541	17	kingdom	1.0	0.98	0.0	0.0	0.0	0.98	0.96	True
302911.62	1605	1569	1	kingdom	1.0	0.98	0.0	0.0	0.0	0.98	0.96	True
302911.63	1586	1548	1	kingdom	1.0	0.98	0.0	0.0	0.0	0.98	0.95	True
302912.10	1562	1518	1	kingdom	1.0	0.97	0.0	0.0	0.0	0.93	0.9	True
326426.4	2050	1992	1	kingdom	1.0	0.97	0.0	0.0	0.0	0.93	0.91	True
33010.90	2381	2279	47	genus	0.91	0.87	0.06	0.04	0.07	0.95	0.83	True
391904.5	2568	2300	1	kingdom	1.0	0.9	0.0	0.0	0.0	0.85	0.76	True
398513.13	1837	1772	1	kingdom	1.0	0.96	0.0	0.0	0.0	0.95	0.92	True
398513.5	1830	1763	9	kingdom	1.0	0.96	0.0	0.0	0.0	0.95	0.92	True
411481.5	2037	1929	39	order	0.97	0.92	1.0	0.03	0.07	0.92	0.84	False
41200.45	1740	1681	19	kingdom	1.0	0.97	0.0	0.0	0.0	0.94	0.91	True
41200.46	1694	1631	17	kingdom	1.0	0.96	0.0	0.0	0.0	0.94	0.91	True
41200.47	1717	1652	22	kingdom	1.0	0.96	0.0	0.0	0.0	0.94	0.91	True
41200.48	2105	1971	235	kingdom	1.0	0.94	0.0	0.0	0.0	0.92	0.86	True
41200.49	1404	1368	197	kingdom	1.0	0.97	0.0	0.0	0.0	0.96	0.93	True
41200.50	1388	1354	207	kingdom	1.0	0.98	0.0	0.0	0.0	0.96	0.93	True
41200.51	1460	1426	214	class	0.99	0.96	0.87	0.02	0.05	0.95	0.92	False
41200.52	1645	1602	25	kingdom	1.0	0.97	0.0	0.0	0.0	0.95	0.92	True
41200.53	1746	1698	41	kingdom	1.0	0.97	0.0	0.0	0.0	0.94	0.92	True
41200.54	1528	1482	28	kingdom	1.0	0.97	0.0	0.0	0.0	0.94	0.91	True
41200.55	1762	1712	221	class	0.99	0.96	0.97	0.02	0.04	0.95	0.92	False
41200.56	1681	1630	206	class	0.99	0.96	0.93	0.02	0.04	0.96	0.92	False
41200.57	1470	1428	224	kingdom	1.0	0.97	0.0	0.0	0.0	0.95	0.92	True
41200.58	1704	1658	33	kingdom	1.0	0.97	0.0	0.0	0.0	0.94	0.91	True
41200.59	1381	1350	26	kingdom	1.0	0.98	0.0	0.0	0.0	0.95	0.93	True
469594.3	2088	2030	58	kingdom	1.0	0.97	0.0	0.0	0.0	0.94	0.91	True
473819.7	2157	2104	2	kingdom	1.0	0.98	0.0	0.0	0.0	0.98	0.96	True
484020.3	1819	1749	1	kingdom	1.0	0.96	0.0	0.0	0.0	0.97	0.93	True
500634.3	1871	1808	54	kingdom	1.0	0.97	0.0	0.0	0.0	0.95	0.92	True
518634.7	2091	1926	23	kingdom	1.0	0.92	0.0	0.0	0.0	0.94	0.86	True
518635.7	1594	1563	16	kingdom	1.0	0.98	0.0	0.0	0.0	0.96	0.94	True
537937.5	2131	2010	21	kingdom	1.0	0.94	0.0	0.0	0.0	0.91	0.86	True
547043.16	1823	1797	10	kingdom	1.0	0.99	0.0	0.0	0.0	0.96	0.95	True
547043.6	1884	1843	30	kingdom	1.0	0.98	0.0	0.0	0.0	0.96	0.94	True
548480.3	2057	1970	99	phylum	1.0	0.96	0.67	0.05	0.11	0.93	0.89	False
553191.3	2292	2158	33	kingdom	1.0	0.94	0.0	0.0	0.0	0.94	0.89	True
561180.13	1551	1504	12	kingdom	1.0	0.97	0.0	0.0	0.0	0.98	0.95	True
561180.4	1558	1512	24	kingdom	1.0	0.97	0.0	0.0	0.0	0.98	0.95	True
565040.3	2019	1925	3	kingdom	1.0	0.95	0.0	0.0	0.0	0.93	0.88	True
565042.3	1967	1829	1	kingdom	1.0	0.93	0.0	0.0	0.0	0.92	0.86	True
566552.16	1730	1674	10	kingdom	1.0	0.97	0.0	0.0	0.0	0.93	0.9	True
566552.4	1715	1666	31	kingdom	1.0	0.97	0.0	0.0	0.0	0.93	0.9	True
573236.3	1580	1544	1	kingdom	1.0	0.98	0.0	0.0	0.0	0.98	0.96	True
592977.3	1932	1830	15	kingdom	1.0	0.95	0.0	0.0	0.0	0.92	0.87	True
630129.12	2086	1990	1	kingdom	1.0	0.95	0.0	0.0	0.0	0.9	0.86	True
702459.3	1851	1767	1	kingdom	1.0	0.95	0.0	0.0	0.0	0.95	0.9	True
722911.3	1972	1915	1	kingdom	1.0	0.97	0.0	0.0	0.0	0.94	0.91	True
742729.3	1577	1541	1	kingdom	1.0	0.98	0.0	0.0	0.0	0.98	0.96	True
866777.3	1955	1904	1	kingdom	1.0	0.97	0.0	0.0	0.0	0.94	0.91	True
871562.3	2231	2105	9	kingdom	1.0	0.94	0.0	0.0	0.0	0.94	0.89	True
890402.3	1847	1809	1	kingdom	1.0	0.98	0.0	0.0	0.0	0.93	0.92	True
911598.3	1582	1543	7	kingdom	1.0	0.98	0.0	0.0	0.0	0.98	0.96	True
936351.3	1915	1871	1	kingdom	1.0	0.98	0.0	0.0	0.0	0.94	0.92	True
Escherichia_coli_str_K12_MG1655	4316	4306	1	kingdom	1.0	1.0	0.0	0.0	0.0	0.99	0.99	True
Lacto_324831.13	1810	1794	1	kingdom	1.0	0.99	0.0	0.0	0.0	0.99	0.98	True
